Timestamp,Raw_ADC,Filtered_ADC,Angle
22:28:02,123,65.88
22:28:02,122,66.44
22:28:02,118,66.95
22:28:02,126,67.54
22:28:02,163,68.50
22:28:02,250,70.31
22:28:02,265,72.26
22:28:02,286,74.40
22:28:02,288,76.53
22:28:02,292,78.69
22:28:02,312,81.02
22:28:02,312,83.33
22:28:03,306,85.56
22:28:03,308,87.78
22:28:03,304,89.95
22:28:03,305,92.10
22:28:03,302,94.19
22:28:03,309,96.34
22:28:03,222,97.60
22:28:03,119,97.81
22:28:03,54,97.38
22:28:03,42,96.82
22:28:03,30,96.15
22:28:03,24,95.43
22:28:04,48,94.96
22:28:04,44,94.45
22:28:04,30,93.80
22:28:04,32,93.19
22:28:04,32,92.57
22:28:04,36,92.01
22:28:04,84,91.93
22:28:04,114,92.15
22:28:04,116,92.39
22:28:04,165,93.11
22:28:04,178,93.96
22:28:04,164,94.66
22:28:05,143,95.15
22:28:05,139,95.58
22:28:05,186,96.49
22:28:05,183,97.35
22:28:05,168,98.06
22:28:05,126,98.34
22:28:05,173,99.09
22:28:05,246,100.56
22:28:05,309,102.64
22:28:05,334,104.95
22:28:05,359,107.49
22:28:05,360,110.02
22:28:06,362,112.54
22:28:06,338,114.79
22:28:06,324,116.89
22:28:06,329,119.01
22:28:06,350,121.32
22:28:06,346,123.56
22:28:06,346,125.79
22:28:06,382,128.35
22:28:06,396,131.03
22:28:06,410,133.82
22:28:06,402,136.50
22:28:07,409,139.22
22:28:07,382,141.65
22:28:07,356,143.79
22:28:07,357,145.93
22:28:07,363,148.10
22:28:07,338,150.00
22:28:07,353,152.03
22:28:07,359,154.10
22:28:07,370,156.25
22:28:07,333,158.02
22:28:07,348,159.92
22:28:07,372,162.04
22:28:08,392,164.34
22:28:08,380,166.50
22:28:08,372,168.55
22:28:08,321,170.08
22:28:08,256,170.94
22:28:08,184,171.07
22:28:08,150,170.86
22:28:08,133,170.48
22:28:08,129,170.06
22:28:08,139,169.75
22:28:08,158,169.64
22:28:08,162,169.56
22:28:09,174,169.60
22:28:09,119,169.10
22:28:09,140,168.81
22:28:09,124,168.36
22:28:09,121,167.89
22:28:09,133,167.54
22:28:09,122,167.08
22:28:09,128,166.69
22:28:09,125,166.27
22:28:09,135,165.96
22:28:09,119,165.49
22:28:09,123,165.07
22:28:10,108,164.50
22:28:10,102,163.87
22:28:10,104,163.27
22:28:10,105,162.69
22:28:10,121,162.27
22:28:10,118,161.83
22:28:10,128,161.49
22:28:10,128,161.16
22:28:10,149,161.03
22:28:10,168,161.10
22:28:10,183,161.32
22:28:10,230,162.01
22:28:11,277,163.16
22:28:11,310,164.63
22:28:11,321,166.19
22:28:11,348,168.01
22:28:11,348,169.81
22:28:11,367,171.78
22:28:11,378,173.84
22:28:11,383,175.94
22:28:11,399,178.17
22:28:11,389,180.27
22:28:11,389,182.36
22:28:12,397,184.51
22:28:12,398,186.64
22:28:12,395,188.73
22:28:12,397,190.81
22:28:12,414,193.04
22:28:12,392,195.03
22:28:12,415,197.23
22:28:12,423,199.49
22:28:12,422,201.71
22:28:12,409,203.79
22:28:12,382,205.57
22:28:12,422,207.73
22:28:13,415,209.81
22:28:13,407,211.78
22:28:13,406,213.72
22:28:13,411,215.69
22:28:13,411,217.65
22:28:13,406,219.53
22:28:13,413,221.46
22:28:13,423,223.48
22:28:13,406,225.30
22:28:13,402,227.07
22:28:13,410,228.90
22:28:13,408,230.69
22:28:14,397,232.35
22:28:14,390,233.93
22:28:14,408,235.67
22:28:14,385,237.17
22:28:14,363,238.42
22:28:14,357,239.61
22:28:14,336,240.57
22:28:14,310,241.27
22:28:14,248,241.33
22:28:14,248,241.40
22:28:14,228,241.27
22:28:14,208,240.93
22:28:15,200,240.53
22:28:15,199,240.11
22:28:15,187,239.58
22:28:15,199,239.17
22:28:15,178,238.56
22:28:15,187,238.05
22:28:15,172,237.39
22:28:15,174,236.75
22:28:15,182,236.20
22:28:15,176,235.60
22:28:15,160,234.85
22:28:16,158,234.08
22:28:16,158,233.32
22:28:16,177,232.75
22:28:16,173,232.16
22:28:16,179,231.62
22:28:16,187,231.18
22:28:16,192,230.79
22:28:16,198,230.46
22:28:16,153,229.68
22:28:16,182,229.21
22:28:16,180,228.72
22:28:16,164,228.07
22:28:17,151,227.30
22:28:17,161,226.63
22:28:17,178,226.15
22:28:17,172,225.61
22:28:17,186,225.21
22:28:17,168,224.64
22:28:17,162,224.01
22:28:17,177,223.54
22:28:17,166,222.97
22:28:17,171,222.45
22:28:17,169,221.91
22:28:17,162,221.31
22:28:18,145,220.55
22:28:18,178,220.12
22:28:18,145,219.37
22:28:18,180,218.98
22:28:18,195,218.74
22:28:18,177,218.32
22:28:18,171,217.85
22:28:18,171,217.38
22:28:18,177,216.98
22:28:18,173,216.54
22:28:18,208,216.45
22:28:18,252,216.81
22:28:19,327,217.91
22:28:19,373,219.46
22:28:19,395,221.22
22:28:19,419,223.19
22:28:19,417,225.13
22:28:19,409,226.97
22:28:19,414,228.84
22:28:19,415,230.70
22:28:19,391,232.30
22:28:19,395,233.93
22:28:19,416,235.75
22:28:19,415,237.54
22:28:20,421,239.38
22:28:20,417,241.16
22:28:20,437,243.11
22:28:20,431,244.99
22:28:20,426,246.80
22:28:20,423,248.57
22:28:20,417,250.25
22:28:20,412,251.87
22:28:20,409,253.44
22:28:20,435,255.25
22:28:20,434,257.04
22:28:21,427,258.74
22:28:21,432,260.47
22:28:21,433,262.20
22:28:21,446,264.04
22:28:21,427,265.67
22:28:21,427,267.28
22:28:21,421,268.82
22:28:21,419,270.32
22:28:21,363,271.25
22:28:21,285,271.38
22:28:21,58,269.25
22:28:21,56,267.12
22:28:22,51,264.96
22:28:22,44,262.75
22:28:22,81,260.93
22:28:22,80,259.12
22:28:22,52,257.05
22:28:22,77,255.25
22:28:22,88,253.58
22:28:22,101,252.05
22:28:22,115,250.68
22:28:22,132,249.49
22:28:22,126,248.26
22:28:22,102,246.79
22:28:23,107,245.40
22:28:23,104,243.98
22:28:23,93,242.47
22:28:23,99,241.04
22:28:23,106,239.69
22:28:23,111,238.40
22:28:23,109,237.11
22:28:23,114,235.88
22:28:23,118,234.70
22:28:23,115,233.50
22:28:23,112,232.29
22:28:23,113,231.09
22:28:24,115,229.93
22:28:24,115,228.78
22:28:24,112,227.61
22:28:24,114,226.48
22:28:24,109,225.30
22:28:24,114,224.19
22:28:24,120,223.15
22:28:24,110,222.02
22:28:24,116,220.96
22:28:24,111,219.86
22:28:24,117,218.83
22:28:24,114,217.78
22:28:25,121,216.81
22:28:25,119,215.83
22:28:25,116,214.84
22:28:25,114,213.83
22:28:25,120,212.89
22:28:25,121,211.97
22:28:25,116,211.01
22:28:25,103,209.93
22:28:25,119,209.02
22:28:25,105,207.98
22:28:25,113,207.03
22:28:26,118,206.14
22:28:26,115,205.23
22:28:26,115,204.33
22:28:26,114,203.42
22:28:26,104,202.43
22:28:26,117,201.58
22:28:26,114,200.70
22:28:26,112,199.81
22:28:26,112,198.93
22:28:26,121,198.16
22:28:26,121,197.38
22:28:26,116,196.57
22:28:27,114,195.74
22:28:27,113,194.92
22:28:27,115,194.12
22:28:27,118,193.36
22:28:27,116,192.58
22:28:27,110,191.76
22:28:27,117,191.01
22:28:27,114,190.24
22:28:27,118,189.52
22:28:27,117,188.79
22:28:27,101,187.91
22:28:27,117,187.20
22:28:28,113,186.46
22:28:28,117,185.77
22:28:28,117,185.08
22:28:28,119,184.42
22:28:28,110,183.68
22:28:28,115,182.99
22:28:28,116,182.32
22:28:28,116,181.66
22:28:28,119,181.03
22:28:28,111,180.33
22:28:28,115,179.68
22:28:28,113,179.01
22:28:29,98,178.20
22:28:29,116,177.58
22:28:29,119,176.99
22:28:29,121,176.43
22:28:29,115,175.82
22:28:29,117,175.23
22:28:29,112,174.60
22:28:29,118,174.03
22:28:29,116,173.45
22:28:29,119,172.91
22:28:29,116,172.34
22:28:30,120,171.81
22:28:30,118,171.27
22:28:30,115,170.71
22:28:30,118,170.19
22:28:30,118,169.66
22:28:30,119,169.16
22:28:30,114,168.60
22:28:30,110,168.02
22:28:30,117,167.51
22:28:30,119,167.02
22:28:30,118,166.53
22:28:30,115,166.02
22:28:31,119,165.55
22:28:31,118,165.07
22:28:31,119,164.61
22:28:31,115,164.12
22:28:31,114,163.61
22:28:31,107,163.05
22:28:31,111,162.53
22:28:31,119,162.09
22:28:31,117,161.64
22:28:31,124,161.27
22:28:31,114,160.79
22:28:31,115,160.33
22:28:32,121,159.94
22:28:32,117,159.51
22:28:32,118,159.10
22:28:32,118,158.69
22:28:32,120,158.30
22:28:32,115,157.87
22:28:32,116,157.45
22:28:32,117,157.04
22:28:32,116,156.63
22:28:32,119,156.26
22:28:32,120,155.89
22:28:32,117,155.50
22:28:33,117,155.12
22:28:33,119,154.76
22:28:33,117,154.38
22:28:33,115,153.99
22:28:33,120,153.65
22:28:33,102,153.13
22:28:33,117,152.77
22:28:33,108,152.32
22:28:33,119,151.99
22:28:33,117,151.64
22:28:33,115,151.27
22:28:33,120,150.96
22:28:34,120,150.65
22:28:34,115,150.29
22:28:34,102,149.81
22:28:34,118,149.49
22:28:34,118,149.18
22:28:34,116,148.85
22:28:34,119,148.55
22:28:34,107,148.13
22:28:34,119,147.84
22:28:34,118,147.54
22:28:34,115,147.22
22:28:35,117,146.91
22:28:35,118,146.63
22:28:35,113,146.29
22:28:35,114,145.97
22:28:35,119,145.70
22:28:35,116,145.40
22:28:35,117,145.12
22:28:35,113,144.79
22:28:35,117,144.52
22:28:35,119,144.26
22:28:35,106,143.88
22:28:35,120,143.64
22:28:36,117,143.37
22:28:36,117,143.11
22:28:36,115,142.83
22:28:36,116,142.56
22:28:36,120,142.33
22:28:36,111,142.02
22:28:36,115,141.75
22:28:36,117,141.50
22:28:36,120,141.29
22:28:36,120,141.08
22:28:36,119,140.85
22:28:36,114,140.59
22:28:37,116,140.34
22:28:37,119,140.13
22:28:37,119,139.92
22:28:37,118,139.70
22:28:37,124,139.54
22:28:37,109,139.23
22:28:37,116,139.00
22:28:37,118,138.79
22:28:37,116,138.56
22:28:37,115,138.33
22:28:37,122,138.17
22:28:37,112,137.90
22:28:38,121,137.73
22:28:38,117,137.53
22:28:38,119,137.34
22:28:38,117,137.14
22:28:38,117,136.94
22:28:38,115,136.72
22:28:38,121,136.56
22:28:38,119,136.38
22:28:38,117,136.19
22:28:38,116,135.99
22:28:38,115,135.78
22:28:38,118,135.60
22:28:39,118,135.43
22:28:39,116,135.23
22:28:39,120,135.08
22:28:39,120,134.93
22:28:39,113,134.71
22:28:40,106,106.00
22:28:40,164,164.00
22:28:40,199,199.00
22:28:40,246,246.00
22:28:41,299,299.00
22:28:41,349,349.00
22:28:41,341,341.00
22:28:41,356,356.00
22:28:41,366,366.00
22:28:41,385,385.00
22:28:41,395,395.00
22:28:41,399,399.00
22:28:41,389,389.00
22:28:41,383,383.00
22:28:41,376,376.00
22:28:41,305,305.00
22:28:42,249,249.00
22:28:42,192,192.00
22:28:42,166,166.00
22:28:42,160,160.00
22:28:42,156,156.00
22:28:42,147,147.00
22:28:42,148,148.00
22:28:42,157,157.00
22:28:42,144,144.00
22:28:42,173,173.00
22:28:42,146,146.00
22:28:42,174,174.00
22:28:43,144,144.00
22:28:43,155,155.00
22:28:43,140,140.00
22:28:43,134,134.00
22:28:43,164,164.00
22:28:43,164,164.00
22:28:43,165,165.00
22:28:43,178,178.00
22:28:43,189,189.00
22:28:43,197,197.00
22:28:43,209,209.00
22:28:44,242,242.00
22:28:44,310,310.00
22:28:44,361,361.00
22:28:44,382,382.00
22:28:44,394,394.00
22:28:44,406,406.00
22:28:44,413,413.00
22:28:44,411,411.00
22:28:44,410,410.00
22:28:44,391,391.00
22:28:44,379,379.00
22:28:44,328,328.00
22:28:45,213,213.00
22:28:45,195,195.00
22:28:45,164,164.00
22:28:45,180,180.00
22:28:45,177,177.00
22:28:45,166,166.00
22:28:45,189,189.00
22:28:45,238,238.00
22:28:45,209,209.00
22:28:45,212,212.00
22:28:45,194,194.00
22:28:45,161,161.00
22:28:46,170,170.00
22:28:46,161,161.00
22:28:46,169,169.00
22:28:46,164,164.00
22:28:46,180,180.00
22:28:46,179,179.00
22:28:46,180,180.00
22:28:46,175,175.00
22:28:46,181,181.00
22:28:46,173,173.00
22:28:46,166,166.00
22:28:46,182,182.00
22:28:47,178,178.00
22:28:47,182,182.00
22:28:47,180,180.00
22:28:47,186,186.00
22:28:47,190,190.00
22:28:47,164,164.00
22:28:47,182,182.00
22:28:47,168,168.00
22:28:47,179,179.00
22:28:47,167,167.00
22:28:47,176,176.00
22:28:47,168,168.00
22:28:48,187,187.00
22:28:48,178,178.00
22:28:48,190,190.00
22:28:48,173,173.00
22:28:48,173,173.00
22:28:48,172,172.00
22:28:48,184,184.00
22:28:48,177,177.00
22:28:48,170,170.00
22:28:48,176,176.00
22:28:48,177,177.00
22:28:49,182,182.00
22:28:49,185,185.00
22:28:49,166,166.00
22:28:49,106,106.00
22:28:49,120,120.00
22:28:49,122,122.00
22:28:49,85,85.00
22:28:49,100,100.00
22:28:49,102,102.00
22:28:49,115,115.00
22:28:49,106,106.00
22:28:49,111,111.00
22:28:50,103,103.00
22:28:50,115,115.00
22:28:50,107,107.00
22:28:50,113,113.00
22:28:50,118,118.00
22:28:50,116,116.00
22:28:50,112,112.00
22:28:50,112,112.00
22:28:50,105,105.00
22:28:50,114,114.00
22:28:50,111,111.00
22:28:50,114,114.00
22:28:51,113,113.00
22:28:51,116,116.00
22:28:51,106,106.00
22:28:51,95,95.00
22:28:51,110,110.00
22:28:51,116,116.00
22:28:51,105,105.00
22:28:51,109,109.00
22:28:51,118,118.00
22:28:51,98,98.00
22:28:51,117,117.00
22:28:51,113,113.00
22:28:52,118,118.00
22:28:52,105,105.00
22:28:52,96,96.00
22:28:52,106,106.00
22:28:52,115,115.00
22:28:52,115,115.00
22:28:52,112,112.00
22:28:52,87,87.00
22:28:52,104,104.00
22:28:52,118,118.00
22:28:52,119,119.00
22:28:52,106,106.00
22:28:53,113,113.00
22:28:53,119,119.00
22:28:53,114,114.00
22:28:53,113,113.00
22:28:53,113,113.00
22:28:53,120,120.00
22:28:53,112,112.00
22:28:53,112,112.00
22:28:53,112,112.00
22:28:53,118,118.00
22:28:53,116,116.00
22:28:54,118,118.00
22:28:54,115,115.00
22:28:54,117,117.00
22:28:54,115,115.00
22:28:54,118,118.00
22:28:54,121,121.00
22:28:54,119,119.00
22:28:54,118,118.00
22:28:54,118,118.00
22:28:54,118,118.00
22:28:54,119,119.00
22:28:54,123,123.00
22:28:55,118,118.00
22:28:55,117,117.00
22:28:55,114,114.00
22:28:55,122,122.00
22:28:55,119,119.00
22:28:55,120,120.00
22:28:55,119,119.00
22:28:55,113,113.00
22:28:55,120,120.00
22:28:55,120,120.00
22:28:55,114,114.00
22:28:55,120,120.00
22:28:56,115,115.00
22:28:56,120,120.00
22:28:56,118,118.00
22:28:56,124,124.00
22:28:56,116,116.00
22:28:56,114,114.00
22:28:56,120,120.00
22:28:56,115,115.00
22:28:56,121,121.00
22:28:56,122,122.00
22:28:56,121,121.00
22:28:56,121,121.00
22:28:57,125,125.00
22:28:57,107,107.00
22:28:57,116,116.00
22:28:57,120,120.00
22:28:57,119,119.00
22:28:57,117,117.00
22:28:57,117,117.00
22:28:57,112,112.00
22:28:57,118,118.00
22:28:57,122,122.00
22:28:57,122,122.00
22:28:58,118,118.00
22:28:58,111,111.00
22:28:58,112,112.00
22:28:58,120,120.00
22:28:58,122,122.00
22:28:58,121,121.00
22:28:58,119,119.00
22:28:58,125,125.00
22:28:58,119,119.00
22:28:58,121,121.00
22:28:58,122,122.00
22:28:58,118,118.00
22:28:59,122,122.00
22:28:59,125,125.00
22:28:59,117,117.00
22:28:59,118,118.00
22:28:59,119,119.00
22:28:59,118,118.00
22:28:59,125,125.00
22:28:59,124,124.00
22:28:59,118,118.00
22:28:59,113,113.00
22:28:59,122,122.00
22:28:59,120,120.00
22:29:00,120,120.00
22:29:00,119,119.00
22:29:00,122,122.00
22:29:00,123,123.00
22:29:00,116,116.00
22:29:00,118,118.00
22:29:00,121,121.00
22:29:00,118,118.00
22:29:00,118,118.00
22:29:00,121,121.00
22:29:00,118,118.00
22:29:00,116,116.00
22:29:01,116,116.00
22:29:01,123,123.00
22:29:01,121,121.00
22:29:01,126,126.00
22:29:01,121,121.00
22:29:01,113,113.00
22:29:01,110,110.00
22:29:01,113,113.00
22:29:01,126,126.00
22:29:01,122,122.00
22:29:01,122,122.00
22:29:01,123,123.00
22:29:02,122,122.00
22:29:02,122,122.00
22:29:02,122,122.00
22:29:02,114,114.00
22:29:02,109,109.00
22:29:02,122,122.00
22:29:02,120,120.00
22:29:02,122,122.00
22:29:02,129,129.00
22:29:02,122,122.00
22:29:02,119,119.00
22:29:03,121,121.00
22:29:03,118,118.00
22:29:03,120,120.00
22:29:03,125,125.00
22:29:03,118,118.00
22:29:03,120,120.00
22:29:03,122,122.00
22:29:03,123,123.00
22:29:03,122,122.00
22:29:03,121,121.00
22:29:03,125,125.00
22:29:03,121,121.00
22:29:04,128,128.00
22:29:04,124,124.00
22:29:04,127,127.00
22:29:04,121,121.00
22:29:04,120,120.00
22:29:04,120,120.00
22:29:04,125,125.00
22:29:04,124,124.00
22:29:04,120,120.00
22:29:04,122,122.00
22:29:04,119,119.00
22:29:04,122,122.00
22:29:05,120,120.00
22:29:05,122,122.00
22:29:05,115,115.00
22:29:05,124,124.00
22:29:05,122,122.00
22:29:05,120,120.00
22:29:05,121,121.00
22:29:05,122,122.00
22:29:05,118,118.00
22:29:05,120,120.00
22:29:05,116,116.00
22:29:05,121,121.00
22:29:06,119,119.00
22:29:06,121,121.00
22:29:06,121,121.00
22:29:06,117,117.00
22:29:06,120,120.00
22:29:06,125,125.00
22:29:06,123,123.00
22:29:06,120,120.00
22:29:06,118,118.00
22:29:06,118,118.00
22:29:06,126,126.00
22:29:06,121,121.00
22:29:07,122,122.00
22:29:07,122,122.00
22:29:07,123,123.00
22:29:07,116,116.00
22:29:07,123,123.00
22:29:07,121,121.00
22:29:07,116,116.00
22:29:07,122,122.00
22:29:07,121,121.00
22:29:07,124,124.00
22:29:07,121,121.00
22:29:08,117,117.00
22:29:08,126,126.00
22:29:08,124,124.00
22:29:08,120,120.00
22:29:08,119,119.00
22:29:08,120,120.00
22:29:08,121,121.00
22:29:08,118,118.00
22:29:08,122,122.00
22:29:08,122,122.00
22:29:08,122,122.00
22:29:08,122,122.00
22:29:09,122,122.00
22:29:09,119,119.00
22:29:09,124,124.00
22:29:09,122,122.00
22:29:09,117,117.00
22:29:09,118,118.00
22:29:09,122,122.00
22:29:09,123,123.00
22:29:09,124,124.00
22:29:09,119,119.00
22:29:09,123,123.00
22:29:09,121,121.00
22:29:10,122,122.00
22:29:10,122,122.00
22:29:10,121,121.00
22:29:10,123,123.00
22:29:10,124,124.00
22:29:10,116,116.00
22:29:10,119,119.00
22:29:10,121,121.00
22:29:10,128,128.00
22:29:10,121,121.00
22:29:10,124,124.00
22:29:10,117,117.00
22:29:11,121,121.00
22:29:11,117,117.00
22:29:11,117,117.00
22:29:11,118,118.00
22:29:11,123,123.00
22:29:11,123,123.00
22:29:11,119,119.00
22:29:11,124,124.00
22:29:11,121,121.00
22:29:11,109,109.00
22:29:11,124,124.00
22:29:12,120,120.00
22:29:12,118,118.00
22:29:12,124,124.00
22:29:12,120,120.00
22:29:12,121,121.00
22:29:12,118,118.00
22:29:12,123,123.00
22:29:12,113,113.00
22:29:12,121,121.00
22:29:12,123,123.00
22:29:12,119,119.00
22:29:12,121,121.00
22:29:13,125,125.00
22:29:13,115,115.00
22:29:13,121,121.00
22:29:13,118,118.00
22:29:13,122,122.00
22:29:13,123,123.00
22:29:13,124,124.00
22:29:13,122,122.00
22:29:13,121,121.00
22:29:13,116,116.00
22:29:13,122,122.00
22:29:13,124,124.00
22:29:14,123,123.00
22:29:14,118,118.00
22:29:14,119,119.00
22:29:14,123,123.00
22:29:14,128,128.00
22:29:14,119,119.00
22:29:14,126,126.00
22:29:14,124,124.00
22:29:14,124,124.00
22:29:14,124,124.00
22:29:14,127,127.00
22:29:14,125,125.00
22:29:15,124,124.00
22:29:15,124,124.00
22:29:15,113,113.00
22:29:15,123,123.00
22:29:15,124,124.00
22:29:15,125,125.00
22:29:15,124,124.00
22:29:15,120,120.00
22:29:15,124,124.00
22:29:15,114,114.00
22:29:15,117,117.00
22:29:15,119,119.00
22:29:16,125,125.00
22:29:16,124,124.00
22:29:16,117,117.00
22:29:16,124,124.00
22:29:16,119,119.00
22:29:16,120,120.00
22:29:16,122,122.00
22:29:16,124,124.00
22:29:16,123,123.00
22:29:16,121,121.00
22:29:16,120,120.00
22:29:17,123,123.00
22:29:17,125,125.00
22:29:17,121,121.00
22:29:17,118,118.00
22:29:17,124,124.00
22:29:17,122,122.00
22:29:17,123,123.00
22:29:17,121,121.00
22:29:17,118,118.00
22:29:17,124,124.00
22:29:17,122,122.00
22:29:17,123,123.00
22:29:18,118,118.00
22:29:18,118,118.00
22:29:18,119,119.00
22:29:18,123,123.00
22:29:18,122,122.00
22:29:18,124,124.00
22:29:18,124,124.00
22:29:18,128,128.00
22:29:18,112,112.00
22:29:18,124,124.00
22:29:18,123,123.00
22:29:18,126,126.00
22:29:19,121,121.00
22:29:19,124,124.00
22:29:19,118,118.00
22:29:19,114,114.00
22:29:19,125,125.00
22:29:19,125,125.00
22:29:19,117,117.00
22:29:19,126,126.00
22:29:19,123,123.00
22:29:19,113,113.00
22:29:19,125,125.00
22:29:19,123,123.00
22:29:20,122,122.00
22:29:20,124,124.00
22:29:20,121,121.00
22:29:20,118,118.00
22:29:20,119,119.00
22:29:20,124,124.00
22:29:20,124,124.00
22:29:20,121,121.00
22:29:20,121,121.00
22:29:20,126,126.00
22:29:20,120,120.00
22:29:20,125,125.00
22:29:21,125,125.00
22:29:21,120,120.00
22:29:21,125,125.00
22:29:21,121,121.00
22:29:21,123,123.00
22:29:21,121,121.00
22:29:21,125,125.00
22:29:21,128,128.00
22:29:21,124,124.00
22:29:21,123,123.00
22:29:21,121,121.00
22:29:22,126,126.00
22:29:22,119,119.00
22:29:22,126,126.00
22:29:22,123,123.00
22:29:22,123,123.00
22:29:22,124,124.00
22:29:22,126,126.00
22:29:22,122,122.00
22:29:22,123,123.00
22:29:22,116,116.00
22:29:22,125,125.00
22:29:22,112,112.00
22:29:23,123,123.00
22:29:23,124,124.00
22:29:23,121,121.00
22:29:23,122,122.00
22:29:23,120,120.00
22:29:23,110,110.00
22:29:23,125,125.00
22:29:23,118,118.00
22:29:23,121,121.00
22:29:23,125,125.00
22:29:23,120,120.00
22:29:23,124,124.00
22:29:24,118,118.00
22:29:24,125,125.00
22:29:24,124,124.00
22:29:24,124,124.00
22:29:24,120,120.00
22:29:24,125,125.00
22:29:24,125,125.00
22:29:24,125,125.00
22:29:24,122,122.00
22:29:24,116,116.00
22:29:24,123,123.00
22:29:24,126,126.00
22:29:25,118,118.00
22:29:25,94,94.00
22:29:25,127,127.00
22:29:25,124,124.00
22:29:25,118,118.00
22:29:25,123,123.00
22:29:25,123,123.00
22:29:25,124,124.00
22:29:25,113,113.00
22:29:25,116,116.00
22:29:25,108,108.00
22:29:25,122,122.00
22:29:26,124,124.00
22:29:26,110,110.00
22:29:26,122,122.00
22:29:26,125,125.00
22:29:26,119,119.00
22:29:26,129,129.00
22:29:26,124,124.00
22:29:26,124,124.00
22:29:26,118,118.00
22:29:26,124,124.00
22:29:26,121,121.00
22:29:27,126,126.00
22:29:27,122,122.00
22:29:27,125,125.00
22:29:27,123,123.00
22:29:27,119,119.00
22:29:27,116,116.00
22:29:27,125,125.00
22:29:27,117,117.00
22:29:27,121,121.00
22:29:27,128,128.00
22:29:27,119,119.00
22:29:27,115,115.00
22:29:28,124,124.00
22:29:28,127,127.00
22:29:28,123,123.00
22:29:28,125,125.00
22:29:28,113,113.00
22:29:28,124,124.00
22:29:28,124,124.00
22:29:28,124,124.00
22:29:28,122,122.00
22:29:28,126,126.00
22:29:28,122,122.00
22:29:28,122,122.00
22:29:29,125,125.00
22:29:29,124,124.00
22:29:29,112,112.00
22:29:29,122,122.00
22:29:29,120,120.00
22:29:29,124,124.00
22:29:29,122,122.00
22:29:29,127,127.00
22:29:29,122,122.00
22:29:29,124,124.00
22:29:29,124,124.00
22:29:29,122,122.00
22:29:30,122,122.00
22:29:30,124,124.00
22:29:30,113,113.00
22:29:30,118,118.00
22:29:30,124,124.00
22:29:30,128,128.00
22:29:30,125,125.00
22:29:30,123,123.00
22:29:30,125,125.00
22:29:30,122,122.00
22:29:30,120,120.00
22:29:31,125,125.00
22:29:31,125,125.00
22:29:31,121,121.00
22:29:31,123,123.00
22:29:31,125,125.00
22:29:31,113,113.00
22:29:31,122,122.00
22:29:31,120,120.00
22:29:31,121,121.00
22:29:31,123,123.00
22:29:31,124,124.00
22:29:31,133,133.00
22:29:32,119,119.00
22:29:32,125,125.00
22:29:32,120,120.00
22:29:32,123,123.00
22:29:32,126,126.00
22:29:32,122,122.00
22:29:32,122,122.00
22:29:32,121,121.00
22:29:32,126,126.00
22:29:32,120,120.00
22:29:32,126,126.00
22:29:32,128,128.00
22:29:33,122,122.00
22:29:33,124,124.00
22:29:33,120,120.00
22:29:33,120,120.00
22:29:33,125,125.00
22:29:33,124,124.00
22:29:33,125,125.00
22:29:33,124,124.00
22:29:33,124,124.00
22:29:33,112,112.00
22:29:33,120,120.00
22:29:33,112,112.00
22:29:34,123,123.00
22:29:34,125,125.00
22:29:34,110,110.00
22:29:34,125,125.00
22:29:34,124,124.00
22:29:34,119,119.00
22:29:34,125,125.00
22:29:34,130,130.00
22:29:34,119,119.00
22:29:34,120,120.00
22:29:34,116,116.00
22:29:34,113,113.00
22:29:35,115,115.00
22:29:35,118,118.00
22:29:35,120,120.00
22:29:35,122,122.00
22:29:35,124,124.00
22:29:35,112,112.00
22:29:35,132,132.00
22:29:35,122,122.00
22:29:35,125,125.00
22:29:35,124,124.00
22:29:35,122,122.00
22:29:36,125,125.00
22:29:36,113,113.00
22:29:36,121,121.00
22:29:36,128,128.00
22:29:36,117,117.00
22:29:36,125,125.00
22:29:36,119,119.00
22:29:36,120,120.00
22:29:36,135,135.00
22:29:36,125,125.00
22:29:36,107,107.00
22:29:36,117,117.00
22:29:37,120,120.00
22:29:37,123,123.00
22:29:37,126,126.00
22:29:37,122,122.00
22:29:37,107,107.00
22:29:37,119,119.00
22:29:37,126,126.00
22:29:37,128,128.00
22:29:37,111,111.00
22:29:37,123,123.00
22:29:37,124,124.00
22:29:37,111,111.00
22:29:38,125,125.00
22:29:38,123,123.00
22:29:38,127,127.00
22:29:38,126,126.00
22:29:38,124,124.00
22:29:38,111,111.00
22:29:38,120,120.00
22:29:38,128,128.00
22:29:38,128,128.00
22:29:38,112,112.00
22:29:38,125,125.00
22:29:38,124,124.00
22:29:39,120,120.00
22:29:39,124,124.00
22:29:39,124,124.00
22:29:39,125,125.00
22:29:39,119,119.00
22:29:39,122,122.00
22:29:39,126,126.00
22:29:39,126,126.00
22:29:39,125,125.00
22:29:39,121,121.00
22:29:39,125,125.00
22:29:39,128,128.00
22:29:40,118,118.00
22:29:40,122,122.00
22:29:40,123,123.00
22:29:40,117,117.00
22:29:40,125,125.00
22:29:40,122,122.00
22:29:40,122,122.00
22:29:40,125,125.00
22:29:40,125,125.00
22:29:40,126,126.00
22:29:40,130,130.00
22:29:41,125,125.00
22:29:41,121,121.00
22:29:41,120,120.00
22:29:41,122,122.00
22:29:41,125,125.00
22:29:41,130,130.00
22:29:41,126,126.00
22:29:41,126,126.00
22:29:41,123,123.00
22:29:41,124,124.00
22:29:41,127,127.00
22:29:41,123,123.00
22:29:42,121,121.00
22:29:42,126,126.00
22:29:42,115,115.00
22:29:42,127,127.00
22:29:42,125,125.00
22:29:42,126,126.00
22:29:42,122,122.00
22:29:42,121,121.00
22:29:42,126,126.00
22:29:42,125,125.00
22:29:42,126,126.00
22:29:42,115,115.00
22:29:43,124,124.00
22:29:43,128,128.00
22:29:43,128,128.00
22:29:43,121,121.00
22:29:43,127,127.00
22:29:43,123,123.00
22:29:43,124,124.00
22:29:43,124,124.00
22:29:43,130,130.00
22:29:43,125,125.00
22:29:43,118,118.00
22:29:43,126,126.00
22:29:44,109,109.00
22:29:44,128,128.00
22:29:44,117,117.00
22:29:44,125,125.00
22:29:44,129,129.00
22:29:44,126,126.00
22:29:44,118,118.00
22:29:44,115,115.00
22:29:44,124,124.00
22:29:44,122,122.00
22:29:44,126,126.00
22:29:44,118,118.00
22:29:45,131,131.00
22:29:45,127,127.00
22:29:45,119,119.00
22:29:45,134,134.00
22:29:45,123,123.00
22:29:45,125,125.00
22:29:45,121,121.00
22:29:45,121,121.00
22:29:45,113,113.00
22:29:45,123,123.00
22:29:45,121,121.00
22:29:46,114,114.00
22:29:46,125,125.00
22:29:46,120,120.00
22:29:46,118,118.00
22:29:46,120,120.00
22:29:46,123,123.00
22:29:46,128,128.00
22:29:46,125,125.00
22:29:46,121,121.00
22:29:46,120,120.00
22:29:46,127,127.00
22:29:46,124,124.00
22:29:47,127,127.00
22:29:47,129,129.00
22:29:47,125,125.00
22:29:47,127,127.00
22:29:47,125,125.00
22:29:47,124,124.00
22:29:47,122,122.00
22:29:47,120,120.00
22:29:47,124,124.00
22:29:47,122,122.00
22:29:47,120,120.00
22:29:47,125,125.00
22:29:48,123,123.00
22:29:48,126,126.00
22:29:48,126,126.00
22:29:48,122,122.00
22:29:48,128,128.00
22:29:48,126,126.00
22:29:48,117,117.00
22:29:48,121,121.00
22:29:48,126,126.00
22:29:48,125,125.00
22:29:48,124,124.00
22:29:48,125,125.00
22:29:49,123,123.00
22:29:49,126,126.00
22:29:49,121,121.00
22:29:49,119,119.00
22:29:49,121,121.00
22:29:49,128,128.00
22:29:49,94,94.00
22:29:49,124,124.00
22:29:49,119,119.00
22:29:49,124,124.00
22:29:49,123,123.00
22:29:50,122,122.00
22:29:50,125,125.00
22:29:50,109,109.00
22:29:50,118,118.00
22:29:50,128,128.00
22:29:50,124,124.00
22:29:50,120,120.00
22:29:50,132,132.00
22:29:50,118,118.00
22:29:50,124,124.00
22:29:50,125,125.00
22:29:50,127,127.00
22:29:51,125,125.00
22:29:51,120,120.00
22:29:51,112,112.00
22:29:51,124,124.00
22:29:51,111,111.00
22:29:51,125,125.00
22:29:51,125,125.00
22:29:51,121,121.00
22:29:51,130,130.00
22:29:51,120,120.00
22:29:51,122,122.00
22:29:51,125,125.00
22:29:52,127,127.00
22:29:52,126,126.00
22:29:52,125,125.00
22:29:52,113,113.00
22:29:52,122,122.00
22:29:52,126,126.00
22:29:52,126,126.00
22:29:52,125,125.00
22:29:52,126,126.00
22:29:52,122,122.00
22:29:52,127,127.00
22:29:52,126,126.00
22:29:53,132,132.00
22:29:53,118,118.00
22:29:53,126,126.00
22:29:53,125,125.00
22:29:53,114,114.00
22:29:53,123,123.00
22:29:53,122,122.00
22:29:53,130,130.00
22:29:53,127,127.00
22:29:53,124,124.00
22:29:53,108,108.00
22:29:53,127,127.00
22:29:54,122,122.00
22:29:54,119,119.00
22:29:54,126,126.00
22:29:54,126,126.00
22:29:54,118,118.00
22:29:54,119,119.00
22:29:54,125,125.00
22:29:54,121,121.00
22:29:54,128,128.00
22:29:54,115,115.00
22:29:54,124,124.00
22:29:55,128,128.00
22:29:55,127,127.00
22:29:55,125,125.00
22:29:55,116,116.00
22:29:55,124,124.00
22:29:55,128,128.00
22:29:55,133,133.00
22:29:55,125,125.00
22:29:55,122,122.00
22:29:55,116,116.00
22:29:55,120,120.00
22:29:55,126,126.00
22:29:56,109,109.00
22:29:56,126,126.00
22:29:56,130,130.00
22:29:56,126,126.00
22:29:56,131,131.00
22:29:56,122,122.00
22:29:56,124,124.00
22:29:56,124,124.00
22:29:56,125,125.00
22:29:56,121,121.00
22:29:56,118,118.00
22:29:56,123,123.00
22:29:57,122,122.00
22:29:57,130,130.00
22:29:57,126,126.00
22:29:57,119,119.00
22:29:57,122,122.00
22:29:57,117,117.00
22:29:57,108,108.00
22:29:57,118,118.00
22:29:57,122,122.00
22:29:57,127,127.00
22:29:57,125,125.00
22:29:57,125,125.00
22:29:58,127,127.00
22:29:58,113,113.00
22:29:58,132,132.00
22:29:58,114,114.00
22:29:58,125,125.00
22:29:58,118,118.00
22:29:58,125,125.00
22:29:58,122,122.00
22:29:58,115,115.00
22:29:58,124,124.00
22:29:58,125,125.00
22:29:58,120,120.00
22:29:59,125,125.00
22:29:59,122,122.00
22:29:59,120,120.00
22:29:59,121,121.00
22:29:59,119,119.00
22:29:59,129,129.00
22:29:59,122,122.00
22:29:59,129,129.00
22:29:59,111,111.00
22:29:59,127,127.00
22:29:59,127,127.00
22:30:00,128,128.00
22:30:00,122,122.00
22:30:00,129,129.00
22:30:00,128,128.00
22:30:00,126,126.00
22:30:00,120,120.00
22:30:00,125,125.00
22:30:00,128,128.00
22:30:00,123,123.00
22:30:00,118,118.00
22:30:00,125,125.00
22:30:00,124,124.00
22:30:01,127,127.00
22:30:01,124,124.00
22:30:01,116,116.00
22:30:01,121,121.00
22:30:01,132,132.00
22:30:01,118,118.00
22:30:01,126,126.00
22:30:01,117,117.00
22:30:01,124,124.00
22:30:01,120,120.00
22:30:01,126,126.00
22:30:01,126,126.00
22:30:02,125,125.00
22:30:02,126,126.00
22:30:02,120,120.00
22:30:02,127,127.00
22:30:02,127,127.00
22:30:02,120,120.00
22:30:02,120,120.00
22:30:02,118,118.00
22:30:02,121,121.00
22:30:02,120,120.00
22:30:02,124,124.00
22:30:02,130,130.00
22:30:03,124,124.00
22:30:03,119,119.00
22:30:03,121,121.00
22:30:03,120,120.00
22:30:03,127,127.00
22:30:03,128,128.00
22:30:03,129,129.00
22:30:03,109,109.00
22:30:03,125,125.00
22:30:03,126,126.00
22:30:03,119,119.00
22:30:03,124,124.00
22:30:04,122,122.00
22:30:04,124,124.00
22:30:04,128,128.00
22:30:04,128,128.00
22:30:04,128,128.00
22:30:04,129,129.00
22:30:04,124,124.00
22:30:04,130,130.00
22:30:04,126,126.00
22:30:04,124,124.00
22:30:04,126,126.00
22:30:05,126,126.00
22:30:05,122,122.00
22:30:05,127,127.00
22:30:05,127,127.00
22:30:05,122,122.00
22:30:05,122,122.00
22:30:05,123,123.00
22:30:05,134,134.00
22:30:05,126,126.00
22:30:05,124,124.00
22:30:05,119,119.00
22:30:05,123,123.00
22:30:06,122,122.00
22:30:06,120,120.00
22:30:06,126,126.00
22:30:06,122,122.00
22:30:06,131,131.00
22:30:06,122,122.00
22:30:06,128,128.00
22:30:06,128,128.00
22:30:06,123,123.00
22:30:06,115,115.00
22:30:06,122,122.00
22:30:06,130,130.00
22:30:07,122,122.00
22:30:07,125,125.00
22:30:07,128,128.00
22:30:07,130,130.00
22:30:07,117,117.00
22:30:07,117,117.00
22:30:07,121,121.00
22:30:07,132,132.00
22:30:07,119,119.00
22:30:07,123,123.00
22:30:07,127,127.00
22:30:07,118,118.00
22:30:08,120,120.00
22:30:08,116,116.00
22:30:08,104,104.00
22:30:08,124,124.00
22:30:08,125,125.00
22:30:08,116,116.00
22:30:08,125,125.00
22:30:08,123,123.00
22:30:08,110,110.00
22:30:08,120,120.00
22:30:08,126,126.00
22:30:09,128,128.00
22:30:09,113,113.00
22:30:09,124,124.00
22:30:09,124,124.00
22:30:09,125,125.00
22:30:09,136,136.00
22:30:09,124,124.00
22:30:09,124,124.00
22:30:09,114,114.00
22:30:09,126,126.00
22:30:09,108,108.00
22:30:09,129,129.00
22:30:10,124,124.00
22:30:10,124,124.00
22:30:10,128,128.00
22:30:10,123,123.00
22:30:10,122,122.00
22:30:10,126,126.00
22:30:10,113,113.00
22:30:10,117,117.00
22:30:10,124,124.00
22:30:10,124,124.00
22:30:10,122,122.00
22:30:10,122,122.00
22:30:11,120,120.00
22:30:11,123,123.00
22:30:11,125,125.00
22:30:11,128,128.00
22:30:11,126,126.00
22:30:11,111,111.00
22:30:11,126,126.00
22:30:11,125,125.00
22:30:11,123,123.00
22:30:11,123,123.00
22:30:11,116,116.00
22:30:11,122,122.00
22:30:12,121,121.00
22:30:12,123,123.00
22:30:12,124,124.00
22:30:12,127,127.00
22:30:12,125,125.00
22:30:12,115,115.00
22:30:12,125,125.00
22:30:12,120,120.00
22:30:12,126,126.00
22:30:12,130,130.00
22:30:12,97,97.00
22:30:12,119,119.00
22:30:13,128,128.00
22:30:13,118,118.00
22:30:13,121,121.00
22:30:13,120,120.00
22:30:13,124,124.00
22:30:13,129,129.00
22:30:13,129,129.00
22:30:13,121,121.00
22:30:13,124,124.00
22:30:13,121,121.00
22:30:13,123,123.00
22:30:14,123,123.00
22:30:14,129,129.00
22:30:14,128,128.00
22:30:14,125,125.00
22:30:14,121,121.00
22:30:14,111,111.00
22:30:14,129,129.00
22:30:14,127,127.00
22:30:14,123,123.00
22:30:14,124,124.00
22:30:14,120,120.00
22:30:14,124,124.00
22:30:15,119,119.00
22:30:15,126,126.00
22:30:15,108,108.00
22:30:15,120,120.00
22:30:15,126,126.00
22:30:15,124,124.00
22:30:15,127,127.00
22:30:15,120,120.00
22:30:15,127,127.00
22:30:15,126,126.00
22:30:15,122,122.00
22:30:15,133,133.00
22:30:16,124,124.00
22:30:16,120,120.00
22:30:16,125,125.00
22:30:16,124,124.00
22:30:16,124,124.00
22:30:16,124,124.00
22:30:16,127,127.00
22:30:16,125,125.00
22:30:16,126,126.00
22:30:16,126,126.00
22:30:16,124,124.00
22:30:16,125,125.00
22:30:17,112,112.00
22:30:17,127,127.00
22:30:17,128,128.00
22:30:17,133,133.00
22:30:17,125,125.00
22:30:17,126,126.00
22:30:17,115,115.00
22:30:17,121,121.00
22:30:17,125,125.00
22:30:17,115,115.00
22:30:17,124,124.00
22:30:17,127,127.00
22:30:18,122,122.00
22:30:18,122,122.00
22:30:18,126,126.00
22:30:18,112,112.00
22:30:18,129,129.00
22:30:18,124,124.00
22:30:18,121,121.00
22:30:18,125,125.00
22:30:18,125,125.00
22:30:18,128,128.00
22:30:18,126,126.00
22:30:19,108,108.00
22:30:19,126,126.00
22:30:19,119,119.00
22:30:19,123,123.00
22:30:19,125,125.00
22:30:19,125,125.00
22:30:19,131,131.00
22:30:19,112,112.00
22:30:19,125,125.00
22:30:19,118,118.00
22:30:19,122,122.00
22:30:19,126,126.00
22:30:20,128,128.00
22:30:20,126,126.00
22:30:20,118,118.00
22:30:20,128,128.00
22:30:20,126,126.00
22:30:20,114,114.00
22:30:20,111,111.00
22:30:20,120,120.00
22:30:20,125,125.00
22:30:20,115,115.00
22:30:20,124,124.00
22:30:20,126,126.00
22:30:21,127,127.00
22:30:21,125,125.00
22:30:21,121,121.00
22:30:21,126,126.00
22:30:21,122,122.00
22:30:21,125,125.00
22:30:21,127,127.00
22:30:21,131,131.00
22:30:21,122,122.00
22:30:21,123,123.00
22:30:21,114,114.00
22:30:21,120,120.00
22:30:22,125,125.00
22:30:22,125,125.00
22:30:22,116,116.00
22:30:22,122,122.00
22:30:22,121,121.00
22:30:22,122,122.00
22:30:22,122,122.00
22:30:22,126,126.00
22:30:22,127,127.00
22:30:22,125,125.00
22:30:22,128,128.00
22:30:23,126,126.00
22:30:23,122,122.00
22:30:23,113,113.00
22:30:23,116,116.00
22:30:23,128,128.00
22:30:23,110,110.00
22:30:23,130,130.00
22:30:23,119,119.00
22:30:23,115,115.00
22:30:23,122,122.00
22:30:23,131,131.00
22:30:23,119,119.00
22:30:24,128,128.00
22:30:24,124,124.00
22:30:24,120,120.00
22:30:24,126,126.00
22:30:24,125,125.00
22:30:24,126,126.00
22:30:24,123,123.00
22:30:24,130,130.00
22:30:24,126,126.00
22:30:24,120,120.00
22:30:24,125,125.00
22:30:24,130,130.00
22:30:25,127,127.00
22:30:25,131,131.00
22:30:25,123,123.00
22:30:25,128,128.00
22:30:25,121,121.00
22:30:25,127,127.00
22:30:25,119,119.00
22:30:25,129,129.00
22:30:25,123,123.00
22:30:25,111,111.00
22:30:25,128,128.00
22:30:25,128,128.00
22:30:26,132,132.00
22:30:26,126,126.00
22:30:26,121,121.00
22:30:26,125,125.00
22:30:26,128,128.00
22:30:26,119,119.00
22:30:26,126,126.00
22:30:26,127,127.00
22:30:26,134,134.00
22:30:26,121,121.00
22:30:26,122,122.00
22:30:26,128,128.00
22:30:27,124,124.00
22:30:27,123,123.00
22:30:27,118,118.00
22:30:27,126,126.00
22:30:27,119,119.00
22:30:27,123,123.00
22:30:27,119,119.00
22:30:27,128,128.00
22:30:27,128,128.00
22:30:27,125,125.00
22:30:27,140,140.00
22:30:28,124,124.00
22:30:28,127,127.00
22:30:28,107,107.00
22:30:28,119,119.00
22:30:28,127,127.00
22:30:28,125,125.00
22:30:28,134,134.00
22:30:28,121,121.00
22:30:28,121,121.00
22:30:28,136,136.00
22:30:28,133,133.00
22:30:28,125,125.00
22:30:29,126,126.00
22:30:29,115,115.00
22:30:29,126,126.00
22:30:29,112,112.00
22:30:29,126,126.00
22:30:29,125,125.00
22:30:29,124,124.00
22:30:29,120,120.00
22:30:29,127,127.00
22:30:29,128,128.00
22:30:29,129,129.00
22:30:29,121,121.00
22:30:30,129,129.00
22:30:30,126,126.00
22:30:30,117,117.00
22:30:30,128,128.00
22:30:30,117,117.00
22:30:30,123,123.00
22:30:30,134,134.00
22:30:30,122,122.00
22:30:30,131,131.00
22:30:30,118,118.00
22:30:30,137,137.00
22:30:30,111,111.00
22:30:31,115,115.00
22:30:31,128,128.00
22:30:31,112,112.00
22:30:31,116,116.00
22:30:31,128,128.00
22:30:31,129,129.00
22:30:31,115,115.00
22:30:31,125,125.00
22:30:31,128,128.00
22:30:31,126,126.00
22:30:31,127,127.00
22:30:31,123,123.00
22:30:32,131,131.00
22:30:32,124,124.00
22:30:32,120,120.00
22:30:32,120,120.00
22:30:32,124,124.00
22:30:32,125,125.00
22:30:32,129,129.00
22:30:32,122,122.00
22:30:32,122,122.00
22:30:32,129,129.00
22:30:32,111,111.00
22:30:33,125,125.00
22:30:33,123,123.00
22:30:33,125,125.00
22:30:33,134,134.00
22:30:33,128,128.00
22:30:33,131,131.00
22:30:33,131,131.00
22:30:33,113,113.00
22:30:33,128,128.00
22:30:33,120,120.00
22:30:33,125,125.00
22:30:33,125,125.00
22:30:34,121,121.00
22:30:34,126,126.00
22:30:34,114,114.00
22:30:34,122,122.00
22:30:34,129,129.00
22:30:34,127,127.00
22:30:34,112,112.00
22:30:34,125,125.00
22:30:34,124,124.00
22:30:34,121,121.00
22:30:34,124,124.00
22:30:34,124,124.00
22:30:35,120,120.00
22:30:35,130,130.00
22:30:35,126,126.00
22:30:35,128,128.00
22:30:35,124,124.00
22:30:35,131,131.00
22:30:35,109,109.00
22:30:35,121,121.00
22:30:35,125,125.00
22:30:35,127,127.00
22:30:35,122,122.00
22:30:35,122,122.00
22:30:36,125,125.00
22:30:36,128,128.00
22:30:36,130,130.00
22:30:36,126,126.00
22:30:36,122,122.00
22:30:36,122,122.00
22:30:36,123,123.00
22:30:36,121,121.00
22:30:36,121,121.00
22:30:36,124,124.00
22:30:36,122,122.00
22:30:36,123,123.00
22:30:37,126,126.00
22:30:37,126,126.00
22:30:37,126,126.00
22:30:37,126,126.00
22:30:37,119,119.00
22:30:37,125,125.00
22:30:37,133,133.00
22:30:37,120,120.00
22:30:37,119,119.00
22:30:37,133,133.00
22:30:37,134,134.00
22:30:38,115,115.00
22:30:38,128,128.00
22:30:38,126,126.00
22:30:38,126,126.00
22:30:38,115,115.00
22:30:38,122,122.00
22:30:38,121,121.00
22:30:38,121,121.00
22:30:38,124,124.00
22:30:38,114,114.00
22:30:38,121,121.00
22:30:38,128,128.00
22:30:39,125,125.00
22:30:39,128,128.00
22:30:39,123,123.00
22:30:39,122,122.00
22:30:39,134,134.00
22:30:39,123,123.00
22:30:39,126,126.00
22:30:39,130,130.00
22:30:39,124,124.00
22:30:39,123,123.00
22:30:39,133,133.00
22:30:39,127,127.00
22:30:40,119,119.00
22:30:40,125,125.00
22:30:40,126,126.00
22:30:40,121,121.00
22:30:40,114,114.00
22:30:40,132,132.00
22:30:40,131,131.00
22:30:40,123,123.00
22:30:40,126,126.00
22:30:40,123,123.00
22:30:40,124,124.00
22:30:40,124,124.00
22:30:41,128,128.00
22:30:41,120,120.00
22:30:41,120,120.00
22:30:41,125,125.00
22:30:41,122,122.00
22:30:41,130,130.00
22:30:41,126,126.00
22:30:41,125,125.00
22:30:41,128,128.00
22:30:41,128,128.00
22:30:41,137,137.00
22:30:42,117,117.00
22:30:42,132,132.00
22:30:42,122,122.00
22:30:42,127,127.00
22:30:42,126,126.00
22:30:42,115,115.00
22:30:42,114,114.00
22:30:42,126,126.00
22:30:42,130,130.00
22:30:42,116,116.00
22:30:42,132,132.00
22:30:42,122,122.00
22:30:43,127,127.00
22:30:43,126,126.00
22:30:43,130,130.00
22:30:43,126,126.00
22:30:43,127,127.00
22:30:43,122,122.00
22:30:43,127,127.00
22:30:43,120,120.00
22:30:43,112,112.00
22:30:43,124,124.00
22:30:43,126,126.00
22:30:43,114,114.00
22:30:44,118,118.00
22:30:44,115,115.00
22:30:44,135,135.00
22:30:44,121,121.00
22:30:44,122,122.00
22:30:44,126,126.00
22:30:44,125,125.00
22:30:44,128,128.00
22:30:44,123,123.00
22:30:44,128,128.00
22:30:44,129,129.00
22:30:44,126,126.00
22:30:45,126,126.00
22:30:45,126,126.00
22:30:45,127,127.00
22:30:45,119,119.00
22:30:45,121,121.00
22:30:45,126,126.00
22:30:45,128,128.00
22:30:45,127,127.00
22:30:45,118,118.00
22:30:45,112,112.00
22:30:45,135,135.00
22:30:45,126,126.00
22:30:46,124,124.00
22:30:46,125,125.00
22:30:46,130,130.00
22:30:46,128,128.00
22:30:46,123,123.00
22:30:46,126,126.00
22:30:46,119,119.00
22:30:46,126,126.00
22:30:46,126,126.00
22:30:46,127,127.00
22:30:46,125,125.00
22:30:47,122,122.00
22:30:47,127,127.00
22:30:47,127,127.00
22:30:47,127,127.00
22:30:47,115,115.00
22:30:47,128,128.00
22:30:47,121,121.00
22:30:47,118,118.00
22:30:47,125,125.00
22:30:47,127,127.00
22:30:47,132,132.00
22:30:47,126,126.00
22:30:48,125,125.00
22:30:48,127,127.00
22:30:48,130,130.00
22:30:48,119,119.00
22:30:48,118,118.00
22:30:48,123,123.00
22:30:48,123,123.00
22:30:48,126,126.00
22:30:48,125,125.00
22:30:48,121,121.00
22:30:48,127,127.00
22:30:48,118,118.00
22:30:49,134,134.00
22:30:49,124,124.00
22:30:49,128,128.00
22:30:49,126,126.00
22:30:49,122,122.00
22:30:49,123,123.00
22:30:49,125,125.00
22:30:49,128,128.00
22:30:49,125,125.00
22:30:49,126,126.00
22:30:49,126,126.00
22:30:49,123,123.00
22:30:50,138,138.00
22:30:50,116,116.00
22:30:50,127,127.00
22:30:50,131,131.00
22:30:50,126,126.00
22:30:50,125,125.00
22:30:50,126,126.00
22:30:50,127,127.00
22:30:50,123,123.00
22:30:50,126,126.00
22:30:50,114,114.00
22:30:50,121,121.00
22:30:51,102,102.00
22:30:51,122,122.00
22:30:51,123,123.00
22:30:51,128,128.00
22:30:51,120,120.00
22:30:51,128,128.00
22:30:51,125,125.00
22:30:51,124,124.00
22:30:51,122,122.00
22:30:51,122,122.00
22:30:51,130,130.00
22:30:52,127,127.00
22:30:52,123,123.00
22:30:52,119,119.00
22:30:52,121,121.00
22:30:52,122,122.00
22:30:52,124,124.00
22:30:52,125,125.00
22:30:52,126,126.00
22:30:52,130,130.00
22:30:52,128,128.00
22:30:52,125,125.00
22:30:52,121,121.00
22:30:53,127,127.00
22:30:53,121,121.00
22:30:53,132,132.00
22:30:53,125,125.00
22:30:53,131,131.00
22:30:53,126,126.00
22:30:53,121,121.00
22:30:53,128,128.00
22:30:53,129,129.00
22:30:53,129,129.00
22:30:53,127,127.00
22:30:53,124,124.00
22:30:54,122,122.00
22:30:54,127,127.00
22:30:54,125,125.00
22:30:54,123,123.00
22:30:54,118,118.00
22:30:54,128,128.00
22:30:54,127,127.00
22:30:54,123,123.00
22:30:54,125,125.00
22:30:54,126,126.00
22:30:54,132,132.00
22:30:54,125,125.00
22:30:55,128,128.00
22:30:55,121,121.00
22:30:55,125,125.00
22:30:55,119,119.00
22:30:55,120,120.00
22:30:55,114,114.00
22:30:55,128,128.00
22:30:55,131,131.00
22:30:55,123,123.00
22:30:55,135,135.00
22:30:55,129,129.00
22:30:55,121,121.00
22:30:56,112,112.00
22:30:56,132,132.00
22:30:56,124,124.00
22:30:56,120,120.00
22:30:56,121,121.00
22:30:56,126,126.00
22:30:56,138,138.00
22:30:56,110,110.00
22:30:56,121,121.00
22:30:56,115,115.00
22:30:56,128,128.00
22:30:57,125,125.00
22:30:57,122,122.00
22:30:57,128,128.00
22:30:57,127,127.00
22:30:57,114,114.00
22:30:57,123,123.00
22:30:57,132,132.00
22:30:57,124,124.00
22:30:57,125,125.00
22:30:57,117,117.00
22:30:57,129,129.00
22:30:57,128,128.00
22:30:58,108,108.00
22:30:58,124,124.00
22:30:58,128,128.00
22:30:58,110,110.00
22:30:58,115,115.00
22:30:58,126,126.00
22:30:58,135,135.00
22:30:58,113,113.00
22:30:58,134,134.00
22:30:58,125,125.00
22:30:58,132,132.00
22:30:58,130,130.00
22:30:59,124,124.00
22:30:59,123,123.00
22:30:59,127,127.00
22:30:59,132,132.00
22:30:59,123,123.00
22:30:59,123,123.00
22:30:59,129,129.00
22:30:59,128,128.00
22:30:59,132,132.00
22:30:59,130,130.00
22:30:59,121,121.00
22:30:59,125,125.00
22:31:00,133,133.00
22:31:00,124,124.00
22:31:00,129,129.00
22:31:00,110,110.00
22:31:00,128,128.00
22:31:00,128,128.00
22:31:00,133,133.00
22:31:00,120,120.00
22:31:00,132,132.00
22:31:00,127,127.00
22:31:00,128,128.00
22:31:01,123,123.00
22:31:01,134,134.00
22:31:01,114,114.00
22:31:01,126,126.00
22:31:01,121,121.00
22:31:01,120,120.00
22:31:01,124,124.00
22:31:01,128,128.00
22:31:01,131,131.00
22:31:01,124,124.00
22:31:01,128,128.00
22:31:01,112,112.00
22:31:02,130,130.00
22:31:02,126,126.00
22:31:02,121,121.00
22:31:02,134,134.00
22:31:02,122,122.00
22:31:02,128,128.00
22:31:02,125,125.00
22:31:02,133,133.00
22:31:02,120,120.00
22:31:02,125,125.00
22:31:02,121,121.00
22:31:02,109,109.00
22:31:03,115,115.00
22:31:03,127,127.00
22:31:03,123,123.00
22:31:03,126,126.00
22:31:03,119,119.00
22:31:03,128,128.00
22:31:03,111,111.00
22:31:03,125,125.00
22:31:03,125,125.00
22:31:03,128,128.00
22:31:03,126,126.00
22:31:03,120,120.00
22:31:04,129,129.00
22:31:04,128,128.00
22:31:04,125,125.00
22:31:04,126,126.00
22:31:04,122,122.00
22:31:04,122,122.00
22:31:04,115,115.00
22:31:04,122,122.00
22:31:04,123,123.00
22:31:04,125,125.00
22:31:04,126,126.00
22:31:04,128,128.00
22:31:05,117,117.00
22:31:05,125,125.00
22:31:05,123,123.00
22:31:05,128,128.00
22:31:05,131,131.00
22:31:05,112,112.00
22:31:05,122,122.00
22:31:05,122,122.00
22:31:05,123,123.00
22:31:05,136,136.00
22:31:05,129,129.00
22:31:06,113,113.00
22:31:06,122,122.00
22:31:06,117,117.00
22:31:06,125,125.00
22:31:06,132,132.00
22:31:06,120,120.00
22:31:06,131,131.00
22:31:06,104,104.00
22:31:06,123,123.00
22:31:06,122,122.00
22:31:06,127,127.00
22:31:06,134,134.00
22:31:07,128,128.00
22:31:07,115,115.00
22:31:07,128,128.00
22:31:07,123,123.00
22:31:07,132,132.00
22:31:07,114,114.00
22:31:07,113,113.00
22:31:07,122,122.00
22:31:07,130,130.00
22:31:07,124,124.00
22:31:07,128,128.00
22:31:07,128,128.00
22:31:08,123,123.00
22:31:08,126,126.00
22:31:08,121,121.00
22:31:08,128,128.00
22:31:08,126,126.00
22:31:08,135,135.00
22:31:08,111,111.00
22:31:08,128,128.00
22:31:08,127,127.00
22:31:08,120,120.00
22:31:08,128,128.00
22:31:08,128,128.00
22:31:09,132,132.00
22:31:09,126,126.00
22:31:09,121,121.00
22:31:09,124,124.00
22:31:09,127,127.00
22:31:09,116,116.00
22:31:09,128,128.00
22:31:09,131,131.00
22:31:09,122,122.00
22:31:09,125,125.00
22:31:09,130,130.00
22:31:09,125,125.00
22:31:10,126,126.00
22:31:10,128,128.00
22:31:10,133,133.00
22:31:10,123,123.00
22:31:10,123,123.00
22:31:10,128,128.00
22:31:10,119,119.00
22:31:10,120,120.00
22:31:10,126,126.00
22:31:10,124,124.00
22:31:10,127,127.00
22:31:11,128,128.00
22:31:11,128,128.00
22:31:11,121,121.00
22:31:11,116,116.00
22:31:11,128,128.00
22:31:11,133,133.00
22:31:11,132,132.00
22:31:11,122,122.00
22:31:11,130,130.00
22:31:11,118,118.00
22:31:11,128,128.00
22:31:11,124,124.00
22:31:12,134,134.00
22:31:12,122,122.00
22:31:12,124,124.00
22:31:12,118,118.00
22:31:12,130,130.00
22:31:12,123,123.00
22:31:12,124,124.00
22:31:12,123,123.00
22:31:12,128,128.00
22:31:12,126,126.00
22:31:12,128,128.00
22:31:12,126,126.00
22:31:13,130,130.00
22:31:13,128,128.00
22:31:13,132,132.00
22:31:13,122,122.00
22:31:13,136,136.00
22:31:13,115,115.00
22:31:13,136,136.00
22:31:13,125,125.00
22:31:13,128,128.00
22:31:13,120,120.00
22:31:13,128,128.00
22:31:13,113,113.00
22:31:14,132,132.00
22:31:14,128,128.00
22:31:14,130,130.00
22:31:14,124,124.00
22:31:14,133,133.00
22:31:14,124,124.00
22:31:14,128,128.00
22:31:14,133,133.00
22:31:14,115,115.00
22:31:14,124,124.00
22:31:14,127,127.00
22:31:14,132,132.00
22:31:15,126,126.00
22:31:15,122,122.00
22:31:15,127,127.00
22:31:15,119,119.00
22:31:15,116,116.00
22:31:15,132,132.00
22:31:15,118,118.00
22:31:15,128,128.00
22:31:15,133,133.00
22:31:15,122,122.00
22:31:15,123,123.00
22:31:16,127,127.00
22:31:16,127,127.00
22:31:16,112,112.00
22:31:16,127,127.00
22:31:16,127,127.00
22:31:16,128,128.00
22:31:16,128,128.00
22:31:16,116,116.00
22:31:16,125,125.00
22:31:16,125,125.00
22:31:16,122,122.00
22:31:16,121,121.00
22:31:17,130,130.00
22:31:17,122,122.00
22:31:17,128,128.00
22:31:17,125,125.00
22:31:17,132,132.00
22:31:17,116,116.00
22:31:17,125,125.00
22:31:17,119,119.00
22:31:17,120,120.00
22:31:17,136,136.00
22:31:17,122,122.00
22:31:17,128,128.00
22:31:18,120,120.00
22:31:18,128,128.00
22:31:18,129,129.00
22:31:18,129,129.00
22:31:18,122,122.00
22:31:18,128,128.00
22:31:18,122,122.00
22:31:18,123,123.00
22:31:18,128,128.00
22:31:18,130,130.00
22:31:18,128,128.00
22:31:18,125,125.00
22:31:19,121,121.00
22:31:19,128,128.00
22:31:19,133,133.00
22:31:19,128,128.00
22:31:19,128,128.00
22:31:19,124,124.00
22:31:19,133,133.00
22:31:19,122,122.00
22:31:19,125,125.00
22:31:19,136,136.00
22:31:19,119,119.00
22:31:20,124,124.00
22:31:20,128,128.00
22:31:20,113,113.00
22:31:20,128,128.00
22:31:20,128,128.00
22:31:20,127,127.00
22:31:20,113,113.00
22:31:20,126,126.00
22:31:20,136,136.00
22:31:20,128,128.00
22:31:20,116,116.00
22:31:20,120,120.00
22:31:21,117,117.00
22:31:21,118,118.00
22:31:21,124,124.00
22:31:21,133,133.00
22:31:21,129,129.00
22:31:21,122,122.00
22:31:21,129,129.00
22:31:21,119,119.00
22:31:21,126,126.00
22:31:21,127,127.00
22:31:21,124,124.00
22:31:21,128,128.00
22:31:22,122,122.00
22:31:22,126,126.00
22:31:22,134,134.00
22:31:22,129,129.00
22:31:22,128,128.00
22:31:22,125,125.00
22:31:22,125,125.00
22:31:22,120,120.00
22:31:22,128,128.00
22:31:22,117,117.00
22:31:22,132,132.00
22:31:22,125,125.00
22:31:23,129,129.00
22:31:23,128,128.00
22:31:23,136,136.00
22:31:23,116,116.00
22:31:23,131,131.00
22:31:23,125,125.00
22:31:23,129,129.00
22:31:23,135,135.00
22:31:23,126,126.00
22:31:23,128,128.00
22:31:23,132,132.00
22:31:23,132,132.00
22:31:24,126,126.00
22:31:24,126,126.00
22:31:24,114,114.00
22:31:24,127,127.00
22:31:24,123,123.00
22:31:24,128,128.00
22:31:24,126,126.00
22:31:24,129,129.00
22:31:24,124,124.00
22:31:24,132,132.00
22:31:24,129,129.00
22:31:25,128,128.00
22:31:25,122,122.00
22:31:25,125,125.00
22:31:25,128,128.00
22:31:25,106,106.00
22:31:25,129,129.00
22:31:25,130,130.00
22:31:25,120,120.00
22:31:25,129,129.00
22:31:25,122,122.00
22:31:25,126,126.00
22:31:25,128,128.00
22:31:26,117,117.00
22:31:26,120,120.00
22:31:26,125,125.00
22:31:26,128,128.00
22:31:26,123,123.00
22:31:26,126,126.00
22:31:26,128,128.00
22:31:26,119,119.00
22:31:26,124,124.00
22:31:26,142,142.00
22:31:26,126,126.00
22:31:26,128,128.00
22:31:27,139,139.00
22:31:27,128,128.00
22:31:27,124,124.00
22:31:27,123,123.00
22:31:27,125,125.00
22:31:27,125,125.00
22:31:27,134,134.00
22:31:27,134,134.00
22:31:27,122,122.00
22:31:27,133,133.00
22:31:27,125,125.00
22:31:27,127,127.00
22:31:28,128,128.00
22:31:28,115,115.00
22:31:28,125,125.00
22:31:28,128,128.00
22:31:28,128,128.00
22:31:28,130,130.00
22:31:28,126,126.00
22:31:28,124,124.00
22:31:28,130,130.00
22:31:28,138,138.00
22:31:28,119,119.00
22:31:28,127,127.00
22:31:29,121,121.00
22:31:29,129,129.00
22:31:29,128,128.00
22:31:29,124,124.00
22:31:29,126,126.00
22:31:29,121,121.00
22:31:29,128,128.00
22:31:29,129,129.00
22:31:29,120,120.00
22:31:29,128,128.00
22:31:29,128,128.00
22:31:30,130,130.00
22:31:30,129,129.00
22:31:30,117,117.00
22:31:30,130,130.00
22:31:30,126,126.00
22:31:30,107,107.00
22:31:30,125,125.00
22:31:30,136,136.00
22:31:30,120,120.00
22:31:30,125,125.00
22:31:30,125,125.00
22:31:30,110,110.00
22:31:31,125,125.00
22:31:31,132,132.00
22:31:31,128,128.00
22:31:31,126,126.00
22:31:31,129,129.00
22:31:31,134,134.00
22:31:31,129,129.00
22:31:31,136,136.00
22:31:31,128,128.00
22:31:31,128,128.00
22:31:31,131,131.00
22:31:31,128,128.00
22:31:32,121,121.00
22:31:32,128,128.00
22:31:32,139,139.00
22:31:32,110,110.00
22:31:32,124,124.00
22:31:32,118,118.00
22:31:32,128,128.00
22:31:32,132,132.00
22:31:32,128,128.00
22:31:32,131,131.00
22:31:32,131,131.00
22:31:32,124,124.00
22:31:33,126,126.00
22:31:33,121,121.00
22:31:33,117,117.00
22:31:33,125,125.00
22:31:33,133,133.00
22:31:33,129,129.00
22:31:33,112,112.00
22:31:33,122,122.00
22:31:33,129,129.00
22:31:33,128,128.00
22:31:33,117,117.00
22:31:34,122,122.00
22:31:34,123,123.00
22:31:34,128,128.00
22:31:34,126,126.00
22:31:34,134,134.00
22:31:34,135,135.00
22:31:34,131,131.00
22:31:34,128,128.00
22:31:34,128,128.00
22:31:34,129,129.00
22:31:34,116,116.00
22:31:34,129,129.00
22:31:35,128,128.00
22:31:35,124,124.00
22:31:35,124,124.00
22:31:35,126,126.00
22:31:35,123,123.00
22:31:35,134,134.00
22:31:35,138,138.00
22:31:35,128,128.00
22:31:35,128,128.00
22:31:35,127,127.00
22:31:35,127,127.00
22:31:35,127,127.00
22:31:36,130,130.00
22:31:36,122,122.00
22:31:36,130,130.00
22:31:36,125,125.00
22:31:36,130,130.00
22:31:36,128,128.00
22:31:36,120,120.00
22:31:36,128,128.00
22:31:36,127,127.00
22:31:36,131,131.00
22:31:36,124,124.00
22:31:36,128,128.00
22:31:37,128,128.00
22:31:37,128,128.00
22:31:37,124,124.00
22:31:37,126,126.00
22:31:37,123,123.00
22:31:37,123,123.00
22:31:37,131,131.00
22:31:37,124,124.00
22:31:37,139,139.00
22:31:37,124,124.00
22:31:37,133,133.00
22:31:37,130,130.00
22:31:38,126,126.00
22:31:38,124,124.00
22:31:38,130,130.00
22:31:38,129,129.00
22:31:38,130,130.00
22:31:38,125,125.00
22:31:38,127,127.00
22:31:38,132,132.00
22:31:38,117,117.00
22:31:38,124,124.00
22:31:38,129,129.00
22:31:39,140,140.00
22:31:39,124,124.00
22:31:39,124,124.00
22:31:39,131,131.00
22:31:39,118,118.00
22:31:39,120,120.00
22:31:39,127,127.00
22:31:39,121,121.00
22:31:39,124,124.00
22:31:39,131,131.00
22:31:39,128,128.00
22:31:39,144,144.00
22:31:40,116,116.00
22:31:40,127,127.00
22:31:40,133,133.00
22:31:40,126,126.00
22:31:40,142,142.00
22:31:40,128,128.00
22:31:40,118,118.00
22:31:40,125,125.00
22:31:40,128,128.00
22:31:40,136,136.00
22:31:40,129,129.00
22:31:40,116,116.00
22:31:41,126,126.00
22:31:41,127,127.00
22:31:41,118,118.00
22:31:41,124,124.00
22:31:41,128,128.00
22:31:41,123,123.00
22:31:41,129,129.00
22:31:41,128,128.00
22:31:41,129,129.00
22:31:41,128,128.00
22:31:41,122,122.00
22:31:41,128,128.00
22:31:42,130,130.00
22:31:42,129,129.00
22:31:42,113,113.00
22:31:42,129,129.00
22:31:42,130,130.00
22:31:42,117,117.00
22:31:42,129,129.00
22:31:42,138,138.00
22:31:42,127,127.00
22:31:42,128,128.00
22:31:42,120,120.00
22:31:42,127,127.00
22:31:43,129,129.00
22:31:43,125,125.00
22:31:43,129,129.00
22:31:43,130,130.00
22:31:43,129,129.00
22:31:43,128,128.00
22:31:43,133,133.00
22:31:43,128,128.00
22:31:43,131,131.00
22:31:43,122,122.00
22:31:43,114,114.00
22:31:44,127,127.00
22:31:44,123,123.00
22:31:44,133,133.00
22:31:44,129,129.00
22:31:44,131,131.00
22:31:44,126,126.00
22:31:44,126,126.00
22:31:44,128,128.00
22:31:44,135,135.00
22:31:44,123,123.00
22:31:44,123,123.00
22:31:44,121,121.00
22:31:45,124,124.00
22:31:45,126,126.00
22:31:45,129,129.00
22:31:45,134,134.00
22:31:45,124,124.00
22:31:45,131,131.00
22:31:45,130,130.00
22:31:45,133,133.00
22:31:45,127,127.00
22:31:45,125,125.00
22:31:45,132,132.00
22:31:45,112,112.00
22:31:46,118,118.00
22:31:46,131,131.00
22:31:46,124,124.00
22:31:46,125,125.00
22:31:46,129,129.00
22:31:46,128,128.00
22:31:46,128,128.00
22:31:46,128,128.00
22:31:46,119,119.00
22:31:46,129,129.00
22:31:46,116,116.00
22:31:46,137,137.00
22:31:47,128,128.00
22:31:47,122,122.00
22:31:47,137,137.00
22:31:47,126,126.00
22:31:47,128,128.00
22:31:47,132,132.00
22:31:47,135,135.00
22:31:47,130,130.00
22:31:47,126,126.00
22:31:47,132,132.00
22:31:47,128,128.00
22:31:47,131,131.00
22:31:48,116,116.00
22:31:48,124,124.00
22:31:48,128,128.00
22:31:48,126,126.00
22:31:48,117,117.00
22:31:48,124,124.00
22:31:48,115,115.00
22:31:48,124,124.00
22:31:48,136,136.00
22:31:48,130,130.00
22:31:48,136,136.00
22:31:49,128,128.00
22:31:49,133,133.00
22:31:49,126,126.00
22:31:49,124,124.00
22:31:49,123,123.00
22:31:49,118,118.00
22:31:49,131,131.00
22:31:49,130,130.00
22:31:49,134,134.00
22:31:49,125,125.00
22:31:49,141,141.00
22:31:49,128,128.00
22:31:50,112,112.00
22:31:50,118,118.00
22:31:50,133,133.00
22:31:50,132,132.00
22:31:50,126,126.00
22:31:50,124,124.00
22:31:50,130,130.00
22:31:50,113,113.00
22:31:50,123,123.00
22:31:50,125,125.00
22:31:50,128,128.00
22:31:50,114,114.00
22:31:51,125,125.00
22:31:51,128,128.00
22:31:51,120,120.00
22:31:51,141,141.00
22:31:51,122,122.00
22:31:51,134,134.00
22:31:51,107,107.00
22:31:51,129,129.00
22:31:51,128,128.00
22:31:51,128,128.00
22:31:51,126,126.00
22:31:51,128,128.00
22:31:52,129,129.00
22:31:52,124,124.00
22:31:52,133,133.00
22:31:52,129,129.00
22:31:52,116,116.00
22:31:52,122,122.00
22:31:52,129,129.00
22:31:52,123,123.00
22:31:52,127,127.00
22:31:52,120,120.00
22:31:52,106,106.00
22:31:53,138,138.00
22:31:53,138,138.00
22:31:53,115,115.00
22:31:53,119,119.00
22:31:53,129,129.00
22:31:53,121,121.00
22:31:53,135,135.00
22:31:53,129,129.00
22:31:53,133,133.00
22:31:53,128,128.00
22:31:53,132,132.00
22:31:53,134,134.00
22:31:54,122,122.00
22:31:54,138,138.00
22:31:54,139,139.00
22:31:54,125,125.00
22:31:54,136,136.00
22:31:54,128,128.00
22:31:54,128,128.00
22:31:54,129,129.00
22:31:54,128,128.00
22:31:54,128,128.00
22:31:54,129,129.00
22:31:54,127,127.00
22:31:55,132,132.00
22:31:55,124,124.00
22:31:55,130,130.00
22:31:55,133,133.00
22:31:55,129,129.00
22:31:55,130,130.00
22:31:55,124,124.00
22:31:55,129,129.00
22:31:55,127,127.00
22:31:55,127,127.00
22:31:55,122,122.00
22:31:55,130,130.00
22:31:56,123,123.00
22:31:56,128,128.00
22:31:56,114,114.00
22:31:56,129,129.00
22:31:56,123,123.00
22:31:56,121,121.00
22:31:56,131,131.00
22:31:56,134,134.00
22:31:56,129,129.00
22:31:56,123,123.00
22:31:56,126,126.00
22:31:56,133,133.00
22:31:57,124,124.00
22:31:57,123,123.00
22:31:57,125,125.00
22:31:57,131,131.00
22:31:57,114,114.00
22:31:57,129,129.00
22:31:57,128,128.00
22:31:57,130,130.00
22:31:57,129,129.00
22:31:57,115,115.00
22:31:57,129,129.00
22:31:58,125,125.00
22:31:58,135,135.00
22:31:58,129,129.00
22:31:58,111,111.00
22:31:58,122,122.00
22:31:58,131,131.00
22:31:58,130,130.00
22:31:58,126,126.00
22:31:58,128,128.00
22:31:58,126,126.00
22:31:58,129,129.00
22:31:58,125,125.00
22:31:59,129,129.00
22:31:59,136,136.00
22:31:59,128,128.00
22:31:59,118,118.00
22:31:59,130,130.00
22:31:59,130,130.00
22:31:59,129,129.00
22:31:59,129,129.00
22:31:59,123,123.00
22:31:59,123,123.00
22:31:59,118,118.00
22:31:59,128,128.00
22:32:00,124,124.00
22:32:00,129,129.00
22:32:00,105,105.00
22:32:00,126,126.00
22:32:00,132,132.00
22:32:00,115,115.00
22:32:00,125,125.00
22:32:00,128,128.00
22:32:00,130,130.00
22:32:00,129,129.00
22:32:00,130,130.00
22:32:00,123,123.00
22:32:01,128,128.00
22:32:01,125,125.00
22:32:01,129,129.00
22:32:01,126,126.00
22:32:01,133,133.00
22:32:01,128,128.00
22:32:01,120,120.00
22:32:01,126,126.00
22:32:01,131,131.00
22:32:01,122,122.00
22:32:01,128,128.00
22:32:01,134,134.00
22:32:02,131,131.00
22:32:02,130,130.00
22:32:02,120,120.00
22:32:02,129,129.00
22:32:02,129,129.00
22:32:02,129,129.00
22:32:02,127,127.00
22:32:02,129,129.00
22:32:02,133,133.00
22:32:02,125,125.00
22:32:02,126,126.00
22:32:03,134,134.00
22:32:03,129,129.00
22:32:03,128,128.00
22:32:03,123,123.00
22:32:03,131,131.00
22:32:03,124,124.00
22:32:03,132,132.00
22:32:03,128,128.00
22:32:03,121,121.00
22:32:03,125,125.00
22:32:03,130,130.00
22:32:03,128,128.00
22:32:04,128,128.00
22:32:04,128,128.00
22:32:04,125,125.00
22:32:04,127,127.00
22:32:04,130,130.00
22:32:04,120,120.00
22:32:04,127,127.00
22:32:04,130,130.00
22:32:04,136,136.00
22:32:04,125,125.00
22:32:04,123,123.00
22:32:04,130,130.00
22:32:05,130,130.00
22:32:05,125,125.00
22:32:05,125,125.00
22:32:05,115,115.00
22:32:05,120,120.00
22:32:05,138,138.00
22:32:05,116,116.00
22:32:05,118,118.00
22:32:05,126,126.00
22:32:05,123,123.00
22:32:05,126,126.00
22:32:05,124,124.00
22:32:06,129,129.00
22:32:06,128,128.00
22:32:06,124,124.00
22:32:06,132,132.00
22:32:06,123,123.00
22:32:06,128,128.00
22:32:06,131,131.00
22:32:06,138,138.00
22:32:06,130,130.00
22:32:06,127,127.00
22:32:06,128,128.00
22:32:06,129,129.00
22:32:07,129,129.00
22:32:07,129,129.00
22:32:07,122,122.00
22:32:07,117,117.00
22:32:07,121,121.00
22:32:07,128,128.00
22:32:07,125,125.00
22:32:07,128,128.00
22:32:07,126,126.00
22:32:07,134,134.00
22:32:07,129,129.00
22:32:08,124,124.00
22:32:08,130,130.00
22:32:08,126,126.00
22:32:08,128,128.00
22:32:08,129,129.00
22:32:08,125,125.00
22:32:08,128,128.00
22:32:08,118,118.00
22:32:08,125,125.00
22:32:08,128,128.00
22:32:08,126,126.00
22:32:08,112,112.00
22:32:09,129,129.00
22:32:09,131,131.00
22:32:09,117,117.00
22:32:09,123,123.00
22:32:09,129,129.00
22:32:09,127,127.00
22:32:09,120,120.00
22:32:09,124,124.00
22:32:09,113,113.00
22:32:09,132,132.00
22:32:09,122,122.00
22:32:09,117,117.00
22:32:10,121,121.00
22:32:10,128,128.00
22:32:10,124,124.00
22:32:10,130,130.00
22:32:10,135,135.00
22:32:10,130,130.00
22:32:10,130,130.00
22:32:10,130,130.00
22:32:10,129,129.00
22:32:10,130,130.00
22:32:10,124,124.00
22:32:10,128,128.00
22:32:11,120,120.00
22:32:11,118,118.00
22:32:11,132,132.00
22:32:11,129,129.00
22:32:11,121,121.00
22:32:11,123,123.00
22:32:11,128,128.00
22:32:11,136,136.00
22:32:11,126,126.00
22:32:11,107,107.00
22:32:11,129,129.00
22:32:12,132,132.00
22:32:12,114,114.00
22:32:12,129,129.00
22:32:12,131,131.00
22:32:12,123,123.00
22:32:12,130,130.00
22:32:12,130,130.00
22:32:12,116,116.00
22:32:12,132,132.00
22:32:12,124,124.00
22:32:12,125,125.00
22:32:12,129,129.00
22:32:13,129,129.00
22:32:13,142,142.00
22:32:13,128,128.00
22:32:13,118,118.00
22:32:13,118,118.00
22:32:13,126,126.00
22:32:13,128,128.00
22:32:13,118,118.00
22:32:13,132,132.00
22:32:13,129,129.00
22:32:13,135,135.00
22:32:13,136,136.00
22:32:14,134,134.00
22:32:14,131,131.00
22:32:14,137,137.00
22:32:14,128,128.00
22:32:14,121,121.00
22:32:14,109,109.00
22:32:14,128,128.00
22:32:14,128,128.00
22:32:14,123,123.00
22:32:14,128,128.00
22:32:14,130,130.00
22:32:14,127,127.00
22:32:15,134,134.00
22:32:15,114,114.00
22:32:15,118,118.00
22:32:15,129,129.00
22:32:15,120,120.00
22:32:15,124,124.00
22:32:15,128,128.00
22:32:15,126,126.00
22:32:15,132,132.00
22:32:15,130,130.00
22:32:15,129,129.00
22:32:15,132,132.00
22:32:16,122,122.00
22:32:16,126,126.00
22:32:16,128,128.00
22:32:16,119,119.00
22:32:16,135,135.00
22:32:16,126,126.00
22:32:16,124,124.00
22:32:16,130,130.00
22:32:16,119,119.00
22:32:16,129,129.00
22:32:16,125,125.00
22:32:17,128,128.00
22:32:17,128,128.00
22:32:17,126,126.00
22:32:17,127,127.00
22:32:17,125,125.00
22:32:17,130,130.00
22:32:17,109,109.00
22:32:17,125,125.00
22:32:17,128,128.00
22:32:17,111,111.00
22:32:17,128,128.00
22:32:17,123,123.00
22:32:18,129,129.00
22:32:18,129,129.00
22:32:18,129,129.00
22:32:18,133,133.00
22:32:18,129,129.00
22:32:18,109,109.00
22:32:18,122,122.00
22:32:18,129,129.00
22:32:18,120,120.00
22:32:18,127,127.00
22:32:18,128,128.00
22:32:18,140,140.00
22:32:19,109,109.00
22:32:19,128,128.00
22:32:19,132,132.00
22:32:19,124,124.00
22:32:19,131,131.00
22:32:19,118,118.00
22:32:19,140,140.00
22:32:19,121,121.00
22:32:19,122,122.00
22:32:19,131,131.00
22:32:19,124,124.00
22:32:19,119,119.00
22:32:20,129,129.00
22:32:20,131,131.00
22:32:20,128,128.00
22:32:20,128,128.00
22:32:20,130,130.00
22:32:20,128,128.00
22:32:20,127,127.00
22:32:20,112,112.00
22:32:20,124,124.00
22:32:20,115,115.00
22:32:20,130,130.00
22:32:20,132,132.00
22:32:21,122,122.00
22:32:21,129,129.00
22:32:21,130,130.00
22:32:21,130,130.00
22:32:21,134,134.00
22:32:21,129,129.00
22:32:21,131,131.00
22:32:21,120,120.00
22:32:21,128,128.00
22:32:21,133,133.00
22:32:21,126,126.00
22:32:22,130,130.00
22:32:22,124,124.00
22:32:22,115,115.00
22:32:22,128,128.00
22:32:22,129,129.00
22:32:22,130,130.00
22:32:22,132,132.00
22:32:22,129,129.00
22:32:22,132,132.00
22:32:22,142,142.00
22:32:22,128,128.00
22:32:22,125,125.00
22:32:23,130,130.00
22:32:23,110,110.00
22:32:23,125,125.00
22:32:23,125,125.00
22:32:23,128,128.00
22:32:23,116,116.00
22:32:23,128,128.00
22:32:23,137,137.00
22:32:23,126,126.00
22:32:23,128,128.00
22:32:23,129,129.00
22:32:23,139,139.00
22:32:24,130,130.00
22:32:24,118,118.00
22:32:24,129,129.00
22:32:24,128,128.00
22:32:24,121,121.00
22:32:24,123,123.00
22:32:24,129,129.00
22:32:24,120,120.00
22:32:24,127,127.00
22:32:24,128,128.00
22:32:24,135,135.00
22:32:24,125,125.00
22:32:25,128,128.00
22:32:25,122,122.00
22:32:25,125,125.00
22:32:25,122,122.00
22:32:25,128,128.00
22:32:25,127,127.00
22:32:25,128,128.00
22:32:25,129,129.00
22:32:25,128,128.00
22:32:25,118,118.00
22:32:25,123,123.00
22:32:26,129,129.00
22:32:26,134,134.00
22:32:26,129,129.00
22:32:26,131,131.00
22:32:26,129,129.00
22:32:26,133,133.00
22:32:26,133,133.00
22:32:26,125,125.00
22:32:26,122,122.00
22:32:26,126,126.00
22:32:26,131,131.00
22:32:26,116,116.00
22:32:27,134,134.00
22:32:27,128,128.00
22:32:27,127,127.00
22:32:27,123,123.00
22:32:27,144,144.00
22:32:27,121,121.00
22:32:27,123,123.00
22:32:27,121,121.00
22:32:27,123,123.00
22:32:27,129,129.00
22:32:27,128,128.00
22:32:27,128,128.00
22:32:28,132,132.00
22:32:28,138,138.00
22:32:28,123,123.00
22:32:28,136,136.00
22:32:28,128,128.00
22:32:28,114,114.00
22:32:28,132,132.00
22:32:28,109,109.00
22:32:28,140,140.00
22:32:28,136,136.00
22:32:28,123,123.00
22:32:28,130,130.00
22:32:29,134,134.00
22:32:29,117,117.00
22:32:29,126,126.00
22:32:29,130,130.00
22:32:29,133,133.00
22:32:29,129,129.00
22:32:29,123,123.00
22:32:29,135,135.00
22:32:29,128,128.00
22:32:29,128,128.00
22:32:29,124,124.00
22:32:29,130,130.00
22:32:30,130,130.00
22:32:30,134,134.00
22:32:30,130,130.00
22:32:30,127,127.00
22:32:30,129,129.00
22:32:30,128,128.00
22:32:30,129,129.00
22:32:30,124,124.00
22:32:30,140,140.00
22:32:30,135,135.00
22:32:30,123,123.00
22:32:31,128,128.00
22:32:31,119,119.00
22:32:31,125,125.00
22:32:31,127,127.00
22:32:31,130,130.00
22:32:31,129,129.00
22:32:31,133,133.00
22:32:31,126,126.00
22:32:31,128,128.00
22:32:31,127,127.00
22:32:31,124,124.00
22:32:31,140,140.00
22:32:32,125,125.00
22:32:32,130,130.00
22:32:32,134,134.00
22:32:32,121,121.00
22:32:32,124,124.00
22:32:32,128,128.00
22:32:32,117,117.00
22:32:32,113,113.00
22:32:32,139,139.00
22:32:32,129,129.00
22:32:32,122,122.00
22:32:32,127,127.00
22:32:33,120,120.00
22:32:33,130,130.00
22:32:33,130,130.00
22:32:33,134,134.00
22:32:33,127,127.00
22:32:33,134,134.00
22:32:33,130,130.00
22:32:33,123,123.00
22:32:33,119,119.00
22:32:33,127,127.00
22:32:33,119,119.00
22:32:33,133,133.00
22:32:34,128,128.00
22:32:34,128,128.00
22:32:34,122,122.00
22:32:34,129,129.00
22:32:34,127,127.00
22:32:34,129,129.00
22:32:34,118,118.00
22:32:34,130,130.00
22:32:34,122,122.00
22:32:34,126,126.00
22:32:34,137,137.00
22:32:34,128,128.00
22:32:35,129,129.00